plan_name,total_subscriptions,active_subscriptions,cancelled_subscriptions,cancellation_events,current_cancelled_share,billed_revenue_usd,collected_revenue_usd,refund_amount_usd,refund_rate,avg_utilization,avg_nps
Basic,5924,3832,2092,2301,0.35313977042538824,1415253.55,1348251.35,16377.75,0.01157230801505497,0.4683491416559617,7.2742418934174164
Plus,4095,2956,1139,1279,0.27814407814407816,2105255.29,2001358.57,26521.25,0.012597640830533195,0.6199846622032867,7.71810891124557
Premium,2516,1944,572,690,0.2273449920508744,2371028.46,2256258.29,27618.13,0.011648164695585307,0.7602574937951263,8.118597698555957
Business,621,479,142,173,0.2286634460547504,1085499.19,1035182.68,13178.73,0.012140709197581253,0.8545850287026406,8.305740528128588
